Workbook

Sheet 안내
A1: 타닥타닥 우리반 · 한글 트랙 연습팩 검토표
A3: 이 표로 하는 일
A4: [전체 지문] 시트에서 각 지문을 읽고 [사용 여부] 칸에서 사용 / 빼기 / 고쳐서 사용 중 하나를 고르세요. 노란 칸만 선생님이 입력하는 칸이에요.
A5: 고쳐서 사용을 고르면 [선생님 메모] 칸에 바꿀 문장을 적어 주세요. 이 파일을 Claude에게 주면 JSON에 반영해요.
A7: 열 설명
A8: ID | B8: 플랫폼에서 쓰는 지문 번호 (ko-티어-단계-순번)
A9: 티어 / 단계 | B9: 티어 안에서 타수가 적은 지문부터 1→5단계로 나눔
A10: 목표 타수 / 정확도 | B10: 단계 통과 기준 (CLAUDE.md 3-2, 1번 넘으면 통과)
A11: 타수 | B11: 두벌식으로 실제 누르는 키 수. 겹모음·겹받침은 2타, 쌍자음은 Shift 포함 1타
A12: 예상 시간(초) | B12: 타수 ÷ 목표 타수 × 60. 목표 속도로 쳤을 때 걸리는 시간
A13: 단원 / 쪽 | B13: 교과서 출처 (브론즈는 자체 제작이라 비어 있음)
A14: 고친 점 | B14: 원문에서 바꾼 부분. 비어 있으면 교과서 문장 그대로
A15: 원문 일치율 | B15: 교과서 PDF와 글자를 대조한 비율. 1.00이면 교과서에 그대로 있음
A17: 예시 (실제 행과 같은 형식)
A18: ko-gold-1-01 · 골드 1단계 · 155타 · "문제는 해결해야 하는 일이나 과제를 말한다." · p.81 · 사용 여부: 사용

Sheet 요약
A1: 티어 | B1: 단계 | C1: 목표 타수 | D1: 지문 수 | E1: 평균 예상 시간(초) | F1: 사용 | G1: 빼기 | H1: 고쳐서 사용
A2: 브론즈 | B2: 1 | C2: 40 | D2: =COUNTIFS('전체 지문'!$B:$B,$A2,'전체 지문'!$C:$C,$B2) -> 10 | E2: =IFERROR(AVERAGEIFS('전체 지문'!$K:$K,'전체 지문'!$B:$B,$A2,'전체 지문'!$C:$C,$B2),0) -> 40.7 | F2: =COUNTIFS('전체 지문'!$B:$B,$A2,'전체 지문'!$C:$C,$B2,'전체 지문'!$P:$P,"사용") -> 10 | G2: =COUNTIFS('전체 지문'!$B:$B,$A2,'전체 지문'!$C:$C,$B2,'전체 지문'!$P:$P,"빼기") -> 0 | H2: =COUNTIFS('전체 지문'!$B:$B,$A2,'전체 지문'!$C:$C,$B2,'전체 지문'!$P:$P,"고쳐서 사용") -> 0
A3: 브론즈 | B3: 2 | C3: 50 | D3: =COUNTIFS('전체 지문'!$B:$B,$A3,'전체 지문'!$C:$C,$B3) -> 10 | E3: =IFERROR(AVERAGEIFS('전체 지문'!$K:$K,'전체 지문'!$B:$B,$A3,'전체 지문'!$C:$C,$B3),0) -> 34 | F3: =COUNTIFS('전체 지문'!$B:$B,$A3,'전체 지문'!$C:$C,$B3,'전체 지문'!$P:$P,"사용") -> 10 | G3: =COUNTIFS('전체 지문'!$B:$B,$A3,'전체 지문'!$C:$C,$B3,'전체 지문'!$P:$P,"빼기") -> 0 | H3: =COUNTIFS('전체 지문'!$B:$B,$A3,'전체 지문'!$C:$C,$B3,'전체 지문'!$P:$P,"고쳐서 사용") -> 0
A4: 브론즈 | B4: 3 | C4: 60 | D4: =COUNTIFS('전체 지문'!$B:$B,$A4,'전체 지문'!$C:$C,$B4) -> 10 | E4: =IFERROR(AVERAGEIFS('전체 지문'!$K:$K,'전체 지문'!$B:$B,$A4,'전체 지문'!$C:$C,$B4),0) -> 30.5 | F4: =COUNTIFS('전체 지문'!$B:$B,$A4,'전체 지문'!$C:$C,$B4,'전체 지문'!$P:$P,"사용") -> 10 | G4: =COUNTIFS('전체 지문'!$B:$B,$A4,'전체 지문'!$C:$C,$B4,'전체 지문'!$P:$P,"빼기") -> 0 | H4: =COUNTIFS('전체 지문'!$B:$B,$A4,'전체 지문'!$C:$C,$B4,'전체 지문'!$P:$P,"고쳐서 사용") -> 0
A5: 브론즈 | B5: 4 | C5: 70 | D5: =COUNTIFS('전체 지문'!$B:$B,$A5,'전체 지문'!$C:$C,$B5) -> 10 | E5: =IFERROR(AVERAGEIFS('전체 지문'!$K:$K,'전체 지문'!$B:$B,$A5,'전체 지문'!$C:$C,$B5),0) -> 24.8 | F5: =COUNTIFS('전체 지문'!$B:$B,$A5,'전체 지문'!$C:$C,$B5,'전체 지문'!$P:$P,"사용") -> 10 | G5: =COUNTIFS('전체 지문'!$B:$B,$A5,'전체 지문'!$C:$C,$B5,'전체 지문'!$P:$P,"빼기") -> 0 | H5: =COUNTIFS('전체 지문'!$B:$B,$A5,'전체 지문'!$C:$C,$B5,'전체 지문'!$P:$P,"고쳐서 사용") -> 0
A6: 브론즈 | B6: 5 | C6: 80 | D6: =COUNTIFS('전체 지문'!$B:$B,$A6,'전체 지문'!$C:$C,$B6) -> 10 | E6: =IFERROR(AVERAGEIFS('전체 지문'!$K:$K,'전체 지문'!$B:$B,$A6,'전체 지문'!$C:$C,$B6),0) -> 22.5 | F6: =COUNTIFS('전체 지문'!$B:$B,$A6,'전체 지문'!$C:$C,$B6,'전체 지문'!$P:$P,"사용") -> 10 | G6: =COUNTIFS('전체 지문'!$B:$B,$A6,'전체 지문'!$C:$C,$B6,'전체 지문'!$P:$P,"빼기") -> 0 | H6: =COUNTIFS('전체 지문'!$B:$B,$A6,'전체 지문'!$C:$C,$B6,'전체 지문'!$P:$P,"고쳐서 사용") -> 0
A7: 실버 | B7: 1 | C7: 95 | D7: =COUNTIFS('전체 지문'!$B:$B,$A7,'전체 지문'!$C:$C,$B7) -> 30 | E7: =IFERROR(AVERAGEIFS('전체 지문'!$K:$K,'전체 지문'!$B:$B,$A7,'전체 지문'!$C:$C,$B7),0) -> 3.5333333 | F7: =COUNTIFS('전체 지문'!$B:$B,$A7,'전체 지문'!$C:$C,$B7,'전체 지문'!$P:$P,"사용") -> 30 | G7: =COUNTIFS('전체 지문'!$B:$B,$A7,'전체 지문'!$C:$C,$B7,'전체 지문'!$P:$P,"빼기") -> 0 | H7: =COUNTIFS('전체 지문'!$B:$B,$A7,'전체 지문'!$C:$C,$B7,'전체 지문'!$P:$P,"고쳐서 사용") -> 0
A8: 실버 | B8: 2 | C8: 106 | D8: =COUNTIFS('전체 지문'!$B:$B,$A8,'전체 지문'!$C:$C,$B8) -> 30 | E8: =IFERROR(AVERAGEIFS('전체 지문'!$K:$K,'전체 지문'!$B:$B,$A8,'전체 지문'!$C:$C,$B8),0) -> 4.5666667 | F8: =COUNTIFS('전체 지문'!$B:$B,$A8,'전체 지문'!$C:$C,$B8,'전체 지문'!$P:$P,"사용") -> 30 | G8: =COUNTIFS('전체 지문'!$B:$B,$A8,'전체 지문'!$C:$C,$B8,'전체 지문'!$P:$P,"빼기") -> 0 | H8: =COUNTIFS('전체 지문'!$B:$B,$A8,'전체 지문'!$C:$C,$B8,'전체 지문'!$P:$P,"고쳐서 사용") -> 0
A9: 실버 | B9: 3 | C9: 118 | D9: =COUNTIFS('전체 지문'!$B:$B,$A9,'전체 지문'!$C:$C,$B9) -> 30 | E9: =IFERROR(AVERAGEIFS('전체 지문'!$K:$K,'전체 지문'!$B:$B,$A9,'전체 지문'!$C:$C,$B9),0) -> 5.2 | F9: =COUNTIFS('전체 지문'!$B:$B,$A9,'전체 지문'!$C:$C,$B9,'전체 지문'!$P:$P,"사용") -> 30 | G9: =COUNTIFS('전체 지문'!$B:$B,$A9,'전체 지문'!$C:$C,$B9,'전체 지문'!$P:$P,"빼기") -> 0 | H9: =COUNTIFS('전체 지문'!$B:$B,$A9,'전체 지문'!$C:$C,$B9,'전체 지문'!$P:$P,"고쳐서 사용") -> 0
A10: 실버 | B10: 4 | C10: 129 | D10: =COUNTIFS('전체 지문'!$B:$B,$A10,'전체 지문'!$C:$C,$B10) -> 30 | E10: =IFERROR(AVERAGEIFS('전체 지문'!$K:$K,'전체 지문'!$B:$B,$A10,'전체 지문'!$C:$C,$B10),0) -> 5.6333333 | F10: =COUNTIFS('전체 지문'!$B:$B,$A10,'전체 지문'!$C:$C,$B10,'전체 지문'!$P:$P,"사용") -> 30 | G10: =COUNTIFS('전체 지문'!$B:$B,$A10,'전체 지문'!$C:$C,$B10,'전체 지문'!$P:$P,"빼기") -> 0 | H10: =COUNTIFS('전체 지문'!$B:$B,$A10,'전체 지문'!$C:$C,$B10,'전체 지문'!$P:$P,"고쳐서 사용") -> 0
A11: 실버 | B11: 5 | C11: 140 | D11: =COUNTIFS('전체 지문'!$B:$B,$A11,'전체 지문'!$C:$C,$B11) -> 30 | E11: =IFERROR(AVERAGEIFS('전체 지문'!$K:$K,'전체 지문'!$B:$B,$A11,'전체 지문'!$C:$C,$B11),0) -> 6.8333333 | F11: =COUNTIFS('전체 지문'!$B:$B,$A11,'전체 지문'!$C:$C,$B11,'전체 지문'!$P:$P,"사용") -> 30 | G11: =COUNTIFS('전체 지문'!$B:$B,$A11,'전체 지문'!$C:$C,$B11,'전체 지문'!$P:$P,"빼기") -> 0 | H11: =COUNTIFS('전체 지문'!$B:$B,$A11,'전체 지문'!$C:$C,$B11,'전체 지문'!$P:$P,"고쳐서 사용") -> 0
A12: 골드 | B12: 1 | C12: 155 | D12: =COUNTIFS('전체 지문'!$B:$B,$A12,'전체 지문'!$C:$C,$B12) -> 10 | E12: =IFERROR(AVERAGEIFS('전체 지문'!$K:$K,'전체 지문'!$B:$B,$A12,'전체 지문'!$C:$C,$B12),0) -> 19 | F12: =COUNTIFS('전체 지문'!$B:$B,$A12,'전체 지문'!$C:$C,$B12,'전체 지문'!$P:$P,"사용") -> 10 | G12: =COUNTIFS('전체 지문'!$B:$B,$A12,'전체 지문'!$C:$C,$B12,'전체 지문'!$P:$P,"빼기") -> 0 | H12: =COUNTIFS('전체 지문'!$B:$B,$A12,'전체 지문'!$C:$C,$B12,'전체 지문'!$P:$P,"고쳐서 사용") -> 0
A13: 골드 | B13: 2 | C13: 169 | D13: =COUNTIFS('전체 지문'!$B:$B,$A13,'전체 지문'!$C:$C,$B13) -> 10 | E13: =IFERROR(AVERAGEIFS('전체 지문'!$K:$K,'전체 지문'!$B:$B,$A13,'전체 지문'!$C:$C,$B13),0) -> 22.2 | F13: =COUNTIFS('전체 지문'!$B:$B,$A13,'전체 지문'!$C:$C,$B13,'전체 지문'!$P:$P,"사용") -> 10 | G13: =COUNTIFS('전체 지문'!$B:$B,$A13,'전체 지문'!$C:$C,$B13,'전체 지문'!$P:$P,"빼기") -> 0 | H13: =COUNTIFS('전체 지문'!$B:$B,$A13,'전체 지문'!$C:$C,$B13,'전체 지문'!$P:$P,"고쳐서 사용") -> 0
... A31: 레전드 | B31: 5 | C31: 400 | D31: =COUNTIFS('전체 지문'!$B:$B,$A31,'전체 지문'!$C:$C,$B31) -> 6 | E31: =IFERROR(AVERAGEIFS('전체 지문'!$K:$K,'전체 지문'!$B:$B,$A31,'전체 지문'!$C:$C,$B31),0) -> 113.83333 | F31: =COUNTIFS('전체 지문'!$B:$B,$A31,'전체 지문'!$C:$C,$B31,'전체 지문'!$P:$P,"사용") -> 6 | G31: =COUNTIFS('전체 지문'!$B:$B,$A31,'전체 지문'!$C:$C,$B31,'전체 지문'!$P:$P,"빼기") -> 0 | H31: =COUNTIFS('전체 지문'!$B:$B,$A31,'전체 지문'!$C:$C,$B31,'전체 지문'!$P:$P,"고쳐서 사용") -> 0
A32: 합계 | D32: =SUM(D2:D31) -> 369 | E32: =IFERROR(AVERAGE(E2:E31),0) -> 40.403528 | F32: =SUM(F2:F31) -> 369 | G32: =SUM(G2:G31) -> 0 | H32: =SUM(H2:H31) -> 0

Sheet 전체 지문
A1: ID | B1: 티어 | C1: 단계 | D1: 목표 타수 | E1: 정확도(%) | F1: 글 종류 | G1: 제목 | H1: 지문 | I1: 글자 수 | J1: 타수 | K1: 예상 시간(초) | L1: 단원 | M1: 쪽 | N1: 고친 점 | O1: 원문 일치율 | P1: 사용 여부 | Q1: 선생님 메모
A2: ko-bronze-1-01 | B2: 브론즈 | C2: 1 | D2: 40 | E2: 85 | F2: 자리 연습 | H2: 아이 오이 나라 머리 허리 | I2: 14 | J2: 24 | K2: 36 | P2: 사용
A3: ko-bronze-1-02 | B3: 브론즈 | C3: 1 | D3: 40 | E3: 85 | F3: 자리 연습 | H3: 하나 오리 마리 미나리 아리랑 | I3: 16 | J3: 29 | K3: 44 | P3: 사용
A4: ko-bronze-1-03 | B4: 브론즈 | C4: 1 | D4: 40 | E4: 85 | F4: 자리 연습 | H4: 호랑이 호미 엄마 인어 노인 | I4: 15 | J4: 30 | K4: 45 | P4: 사용
A5: ko-bronze-1-04 | B5: 브론즈 | C5: 1 | D5: 40 | E5: 85 | F5: 자리 연습 | H5: 나이 놀이 할머니 어린이 알림 | I5: 16 | J5: 33 | K5: 50 | P5: 사용
A6: ko-bronze-1-05 | B6: 브론즈 | C6: 1 | D6: 40 | E6: 85 | F6: 자리 연습 | H6: 말 날 일 알 얼마 어림 | I6: 13 | J6: 27 | K6: 40 | P6: 사용
A7: ko-bronze-1-06 | B7: 브론즈 | C7: 1 | D7: 40 | E7: 85 | F7: 자리 연습 | H7: 화로 외로이 왼 놀라 와 | I7: 13 | J7: 28 | K7: 42 | P7: 사용
A8: ko-bronze-1-07 | B8: 브론즈 | C8: 1 | D8: 40 | E8: 85 | F8: 자리 연습 | H8: 노란 오리 날아 오나 | I8: 11 | J8: 21 | K8: 32 | P8: 사용
A9: ko-bronze-1-08 | B9: 브론즈 | C9: 1 | D9: 40 | E9: 85 | F9: 자리 연습 | H9: 엄마 아이 놀이 할 일 | I9: 12 | J9: 24 | K9: 36 | P9: 사용
A10: ko-bronze-1-09 | B10: 브론즈 | C10: 1 | D10: 40 | E10: 85 | F10: 자리 연습 | H10: 이리 와 하나 마리 놀이 | I10: 13 | J10: 24 | K10: 36 | P10: 사용
A11: ko-bronze-1-10 | B11: 브론즈 | C11: 1 | D11: 40 | E11: 85 | F11: 자리 연습 | H11: 어머니 할머니 언니 아나 몰라 | I11: 16 | J11: 31 | K11: 46 | P11: 사용
A12: ko-bronze-2-01 | B12: 브론즈 | C12: 2 | D12: 50 | E12: 85 | F12: 자리 연습 | H12: 바다 지도 고기 사자 개미 | I12: 14 | J12: 24 | K12: 29 | P12: 사용
A13: ko-bronze-2-02 | B13: 브론즈 | C13: 2 | D13: 50 | E13: 85 | F13: 자리 연습 | H13: 가방 새 배 게 소리 가지 | I13: 14 | J13: 24 | K13: 29 | P13: 사용
... A51: ko-bronze-5-10 | B51: 브론즈 | C51: 5 | D51: 80 | E51: 85 | F51: 자리 연습 | H51: 괜찮아 천천히 정확하게 | I51: 12 | J51: 31 | K51: 23 | P51: 사용
A52: ko-silver-1-01 | B52: 실버 | C52: 1 | D52: 95 | E52: 88 | F52: 낱말 | H52: 버저 | I52: 2 | J52: 4 | K52: 3 | L52: Ⅴ. 디지털 문화 | M52: 205 | O52: 1 | P52: 사용
A53: ko-silver-1-02 | B53: 실버 | C53: 1 | D53: 95 | E53: 88 | F53: 낱말 | H53: 트리 | I53: 2 | J53: 4 | K53: 3 | L53: Ⅴ. 디지털 문화 | M53: 198 | O53: 1 | P53: 사용
A54: ko-silver-1-03 | B54: 실버 | C54: 1 | D54: 95 | E54: 88 | F54: 낱말 | H54: 추세 | I54: 2 | J54: 4 | K54: 3 | L54: Ⅱ. 데이터 | M54: 65 | O54: 1 | P54: 사용
A55: ko-silver-1-04 | B55: 실버 | C55: 1 | D55: 95 | E55: 88 | F55: 낱말 | H55: 쿠키 | I55: 2 | J55: 4 | K55: 3 | L55: Ⅴ. 디지털 문화 | M55: 210 | O55: 1 | P55: 사용
A56: ko-silver-1-05 | B56: 실버 | C56: 1 | D56: 95 | E56: 88 | F56: 낱말 | H56: 부팅 | I56: 2 | J56: 5 | K56: 3 | L56: Ⅰ. 컴퓨팅 시스템 | M56: 16 | O56: 1 | P56: 사용
A57: ko-silver-1-06 | B57: 실버 | C57: 1 | D57: 95 | E57: 88 | F57: 낱말 | H57: 센서 | I57: 2 | J57: 5 | K57: 3 | L57: Ⅴ. 디지털 문화 | M57: 190 | O57: 1 | P57: 사용
A58: ko-silver-1-07 | B58: 실버 | C58: 1 | D58: 95 | E58: 88 | F58: 낱말 | H58: 벡터 | I58: 2 | J58: 5 | K58: 3 | L58: Ⅱ. 데이터 | M58: 47 | O58: 1 | P58: 사용
A59: ko-silver-1-08 | B59: 실버 | C59: 1 | D59: 95 | E59: 88 | F59: 낱말 | H59: 파형 | I59: 2 | J59: 5 | K59: 3 | L59: Ⅱ. 데이터 | M59: 48 | O59: 1 | P59: 사용
A60: ko-silver-1-09 | B60: 실버 | C60: 1 | D60: 95 | E60: 88 | F60: 낱말 | H60: 변수 | I60: 2 | J60: 5 | K60: 3 | L60: Ⅲ. 알고리즘과 프로그래밍 | M60: 102 | O60: 1 | P60: 사용
A61: ko-silver-1-10 | B61: 실버 | C61: 1 | D61: 95 | E61: 88 | F61: 낱말 | H61: 함수 | I61: 2 | J61: 5 | K61: 3 | L61: Ⅲ. 알고리즘과 프로그래밍 | M61: 78 | O61: 1 | P61: 사용
A62: ko-silver-1-11 | B62: 실버 | C62: 1 | D62: 95 | E62: 88 | F62: 낱말 | H62: 추론 | I62: 2 | J62: 5 | K62: 3 | L62: Ⅳ. 인공지능 | M62: 147 | O62: 1 | P62: 사용
A63: ko-silver-1-12 | B63: 실버 | C63: 1 | D63: 95 | E63: 88 | F63: 낱말 | H63: 분류 | I63: 2 | J63: 5 | K63: 3 | L63: Ⅴ. 디지털 문화 | M63: 214 | O63: 1 | P63: 사용
... A204: ko-gold-1-03 | B204: 골드 | C204: 1 | D204: 155 | E204: 90 | F204: 문장 | H204: 미래에는 어떤 입력 장치들이 사용될까? | I204: 21 | J204: 46 | K204: 18 | L204: Ⅰ. 컴퓨팅 시스템 | M204: 22 | O204: 1 | P204: 사용
A205: ko-gold-1-04 | B205: 골드 | C205: 1 | D205: 155 | E205: 90 | F205: 문장 | H205: 이진수는 0과 1만을 사용하는 수 체계이다. | I205: 24 | J205: 47 | K205: 18 | L205: Ⅱ. 데이터 | M205: 46 | N205: 용어 풀이를 문장으로 바꿈 | O205: 1 | P205: 사용
A206: ko-gold-1-05 | B206: 골드 | C206: 1 | D206: 155 | E206: 90 | F206: 문장 | H206: 이미 만들어 놓은 함수는 재사용이 가능하다. | I206: 24 | J206: 50 | K206: 19 | L206: Ⅲ. 알고리즘과 프로그래밍 | M206: 121 | O206: 1 | P206: 사용
A207: ko-gold-1-06 | B207: 골드 | C207: 1 | D207: 155 | E207: 90 | F207: 문장 | H207: 문제는 해결해야 하는 일이나 과제를 말한다. | I207: 24 | J207: 51 | K207: 20 | L207: Ⅲ. 알고리즘과 프로그래밍 | M207: 81 | O207: 1 | P207: 사용
A208: ko-gold-1-07 | B208: 골드 | C208: 1 | D208: 155 | E208: 90 | F208: 문장 | H208: 연산자는 연산을 하기 위한 기호를 말한다. | I208: 23 | J208: 51 | K208: 20 | L208: Ⅲ. 알고리즘과 프로그래밍 | M208: 108 | N208: 용어 풀이를 문장으로 바꿈 | O208: 1 | P208: 사용
A209: ko-gold-1-08 | B209: 골드 | C209: 1 | D209: 155 | E209: 90 | F209: 문장 | H209: 프로그램에서 중복되는 코드를 제거할 수 있다. | I209: 25 | J209: 52 | K209: 20 | L209: Ⅲ. 알고리즘과 프로그래밍 | M209: 118 | O209: 1 | P209: 사용
A210: ko-gold-1-09 | B210: 골드 | C210: 1 | D210: 155 | E210: 90 | F210: 문장 | H210: 함수는 여러 가지 형태로 다양하게 응용할 수 있다. | I210: 28 | J210: 56 | K210: 22 | L210: Ⅲ. 알고리즘과 프로그래밍 | M210: 122 | O210: 1 | P210: 사용
A211: ko-gold-1-10 | B211: 골드 | C211: 1 | D211: 155 | E211: 90 | F211: 문장 | H211: 엔트리봇이 달리고 점프하는 프로그램을 작성해 보자. | I211: 28 | J211: 59 | K211: 23 | L211: Ⅲ. 알고리즘과 프로그래밍 | M211: 115 | O211: 1 | P211: 사용
A212: ko-gold-2-01 | B212: 골드 | C212: 2 | D212: 169 | E212: 90 | F212: 문장 | H212: 컴퓨팅 시스템은 하드웨어와 소프트웨어로 구성된다. | I212: 27 | J212: 59 | K212: 21 | L212: Ⅰ. 컴퓨팅 시스템 | M212: 12 | O212: 1 | P212: 사용
A213: ko-gold-2-02 | B213: 골드 | C213: 2 | D213: 169 | E213: 90 | F213: 문장 | H213: 알고리즘은 특정 문제를 해결하는 절차나 방법이다. | I213: 27 | J213: 60 | K213: 21 | L213: Ⅲ. 알고리즘과 프로그래밍 | M213: 86 | O213: 1 | P213: 사용
A214: ko-gold-2-03 | B214: 골드 | C214: 2 | D214: 169 | E214: 90 | F214: 문장 | H214: 다이어그램의 유형에는 계층형과 그래프형 등이 있다. | I214: 28 | J214: 60 | K214: 21 | L214: Ⅱ. 데이터 | M214: 61 | O214: 1 | P214: 사용
A215: ko-gold-2-04 | B215: 골드 | C215: 2 | D215: 169 | E215: 90 | F215: 문장 | H215: 프레임은 동영상을 구성하는 하나의 장면을 말한다. | I215: 27 | J215: 62 | K215: 22 | L215: Ⅱ. 데이터 | M215: 48 | N215: 용어 풀이를 문장으로 바꿈 | O215: 1 | P215: 사용
A216: ko-gold-2-05 | B216: 골드 | C216: 2 | D216: 169 | E216: 90 | F216: 문장 | H216: 개인 정보란 살아 있는 개인에 관한 정보를 말한다. | I216: 28 | J216: 62 | K216: 22 | L216: Ⅴ. 디지털 문화 | M216: 210 | O216: 1 | P216: 사용
A217: ko-gold-2-06 | B217: 골드 | C217: 2 | D217: 169 | E217: 90 | F217: 문장 | H217: 주어진 문제를 해결하는 알고리즘은 여러 가지일 수 있다. | I217: 31 | J217: 64 | K217: 23 | L217: Ⅲ. 알고리즘과 프로그래밍 | M217: 88 | O217: 1 | P217: 사용
A218: ko-gold-2-07 | B218: 골드 | C218: 2 | D218: 169 | E218: 90 | F218: 문장 | H218: 줄다리기에 필요한 신체 부위와 측정 요소를 추출해 보자. | I218: 31 | J218: 64 | K218: 23 | L218: Ⅱ. 데이터 | M218: 69 | O218: 1 | P218: 사용
A219: ko-gold-2-08 | B219: 골드 | C219: 2 | D219: 169 | E219: 90 | F219: 문장 | H219: 저작권은 저작 인격권과 저작 재산권으로 분류된다. | I219: 27 | J219: 65 | K219: 23 | L219: Ⅴ. 디지털 문화 | M219: 214 | O219: 1 | P219: 사용
A220: ko-gold-2-09 | B220: 골드 | C220: 2 | D220: 169 | E220: 90 | F220: 문장 | H220: 반환값은 함수에 따라 있을 수도 있고 없을 수도 있다. | I220: 30 | J220: 65 | K220: 23 | L220: Ⅲ. 알고리즘과 프로그래밍 | M220: 123 | O220: 1 | P220: 사용
A221: ko-gold-2-10 | B221: 골드 | C221: 2 | D221: 169 | E221: 90 | F221: 문장 | H221: 프로그램을 작성할 때는 데이터의 입출력이 기본이 된다. | I221: 30 | J221: 66 | K221: 23 | L221: Ⅲ. 알고리즘과 프로그래밍 | M221: 101 | O221: 1 | P221: 사용
A222: ko-gold-3-01 | B222: 골드 | C222: 3 | D222: 182 | E222: 90 | F222: 문장 | H222: 숫자를 입력받아 홀짝을 맞히는 프로그램을 생각해 보자. | I222: 30 | J222: 67 | K222: 22 | L222: Ⅲ. 알고리즘과 프로그래밍 | M222: 85 | O222: 1 | P222: 사용
A223: ko-gold-3-02 | B223: 골드 | C223: 3 | D223: 182 | E223: 90 | F223: 문장 | H223: 디지털 저작물은 디지털화된 저작물을 총칭하는 말이다. | I223: 29 | J223: 67 | K223: 22 | L223: Ⅴ. 디지털 문화 | M223: 215 | O223: 1 | P223: 사용
A224: ko-gold-3-03 | B224: 골드 | C224: 3 | D224: 182 | E224: 90 | F224: 문장 | H224: 추세를 파악하면 데이터의 변화를 예측하는 데 도움이 된다. | I224: 32 | J224: 68 | K224: 22 | L224: Ⅱ. 데이터 | M224: 65 | O224: 1 | P224: 사용
A225: ko-gold-3-04 | B225: 골드 | C225: 3 | D225: 182 | E225: 90 | F225: 문장 | H225: 계층형은 하나의 데이터를 상하 관계로 나누어 가는 방법이다. | I225: 33 | J225: 69 | K225: 23 | L225: Ⅱ. 데이터 | M225: 61 | O225: 1 | P225: 사용
A226: ko-gold-3-05 | B226: 골드 | C226: 3 | D226: 182 | E226: 90 | F226: 문장 | H226: 변수는 데이터를 저장하는 공간으로 이름을 만들어 사용한다. | I226: 32 | J226: 70 | K226: 23 | L226: Ⅲ. 알고리즘과 프로그래밍 | M226: 102 | N226: 용어 풀이를 문장으로 바꿈 | O226: 1 | P226: 사용
A227: ko-gold-3-06 | B227: 골드 | C227: 3 | D227: 182 | E227: 90 | F227: 문장 | H227: 국민 체력 데이터와 학급 친구들의 체력 데이터를 비교해 보자. | I227: 34 | J227: 70 | K227: 23 | L227: Ⅱ. 데이터 | M227: 68 | O227: 1 | P227: 사용
A228: ko-gold-3-07 | B228: 골드 | C228: 3 | D228: 182 | E228: 90 | F228: 문장 | H228: 알고리즘 설계는 문제를 해결하는 과정을 계획하는 것이다. | I228: 31 | J228: 70 | K228: 23 | L228: Ⅲ. 알고리즘과 프로그래밍 | M228: 92 | O228: 1 | P228: 사용
A229: ko-gold-3-08 | B229: 골드 | C229: 3 | D229: 182 | E229: 90 | F229: 문장 | H229: 데이터를 크기 순서로 정렬한 후에 불필요한 데이터를 삭제한다. | I229: 34 | J229: 71 | K229: 23 | L229: Ⅱ. 데이터 | M229: 70 | O229: 1 | P229: 사용
A230: ko-gold-3-09 | B230: 골드 | C230: 3 | D230: 182 | E230: 90 | F230: 문장 | H230: 한 번 만들어진 함수를 다른 프로그램에서도 재사용할 수 있다. | I230: 34 | J230: 71 | K230: 23 | L230: Ⅲ. 알고리즘과 프로그래밍 | M230: 118 | O230: 1 | P230: 사용
A231: ko-gold-3-10 | B231: 골드 | C231: 3 | D231: 182 | E231: 90 | F231: 문장 | H231: 복잡한 프로그램을 간단한 작업으로 분해해서 처리할 수 있다. | I231: 33 | J231: 71 | K231: 23 | L231: Ⅲ. 알고리즘과 프로그래밍 | M231: 118 | O231: 1 | P231: 사용
A232: ko-gold-3-11 | B232: 골드 | C232: 3 | D232: 182 | E232: 90 | F232: 문장 | H232: 투표 프로그램의 작동 원리를 이해하고 알고리즘을 설계해 보자. | I232: 34 | J232: 71 | K232: 23 | L232: Ⅲ. 알고리즘과 프로그래밍 | M232: 127 | O232: 1 | P232: 사용
A233: ko-gold-4-01 | B233: 골드 | C233: 4 | D233: 196 | E233: 90 | F233: 문장 | H233: 소프트웨어는 시스템 소프트웨어와 응용 소프트웨어로 구분된다. | I233: 33 | J233: 71 | K233: 22 | L233: Ⅰ. 컴퓨팅 시스템 | M233: 13 | O233: 1 | P233: 사용
A234: ko-gold-4-02 | B234: 골드 | C234: 4 | D234: 196 | E234: 90 | F234: 문장 | H234: 추세는 어떤 현상이 일정한 방향으로 나아가는 경향을 말한다. | I234: 33 | J234: 73 | K234: 22 | L234: Ⅱ. 데이터 | M234: 65 | N234: 용어 풀이를 문장으로 바꿈 | O234: 1 | P234: 사용
A235: ko-gold-4-03 | B235: 골드 | C235: 4 | D235: 196 | E235: 90 | F235: 문장 | H235: 노래를 인식하여 제목을 알려 주는 인공지능 모델을 만들어 보자. | I235: 35 | J235: 75 | K235: 23 | L235: Ⅳ. 인공지능 | M235: 168 | O235: 1 | P235: 사용
A236: ko-gold-4-04 | B236: 골드 | C236: 4 | D236: 196 | E236: 90 | F236: 문장 | H236: 인공지능 시스템은 데이터에서 공통된 특징을 찾으며 학습한다. | I236: 33 | J236: 75 | K236: 23 | L236: Ⅳ. 인공지능 | M236: 157 | O236: 1 | P236: 사용
A237: ko-gold-4-05 | B237: 골드 | C237: 4 | D237: 196 | E237: 90 | F237: 문장 | H237: 직업은 시대의 흐름에 따라 생기고 사라지는 현상을 반복해 왔다. | I237: 35 | J237: 75 | K237: 23 | L237: Ⅴ. 디지털 문화 | M237: 196 | O237: 1 | P237: 사용
A238: ko-gold-4-06 | B238: 골드 | C238: 4 | D238: 196 | E238: 90 | F238: 문장 | H238: 부족한 데이터로 학습하면 인공지능 시스템의 정확도가 낮아진다. | I238: 34 | J238: 76 | K238: 23 | L238: Ⅳ. 인공지능 | M238: 156 | O238: 1 | P238: 사용
A239: ko-gold-4-07 | B239: 골드 | C239: 4 | D239: 196 | E239: 90 | F239: 문장 | H239: 확장자는 파일 이름의 끝에 오는 문자로 파일의 형식을 나타낸다. | I239: 35 | J239: 77 | K239: 24 | L239: Ⅱ. 데이터 | M239: 47 | N239: 용어 풀이를 문장으로 바꿈 | O239: 1 | P239: 사용
A240: ko-gold-4-08 | B240: 골드 | C240: 4 | D240: 196 | E240: 90 | F240: 문장 | H240: 설계한 알고리즘을 바탕으로 화면을 구성하고 프로그램을 작성한다. | I240: 35 | J240: 78 | K240: 24 | L240: Ⅲ. 알고리즘과 프로그래밍 | M240: 128 | O240: 1 | P240: 사용
A241: ko-gold-4-09 | B241: 골드 | C241: 4 | D241: 196 | E241: 90 | F241: 문장 | H241: 함수의 사용이 완료되었을 때의 결괏값을 반환값이라고 한다. | I241: 32 | J241: 78 | K241: 24 | L241: Ⅲ. 알고리즘과 프로그래밍 | M241: 123 | O241: 1 | P241: 사용
A242: ko-gold-4-10 | B242: 골드 | C242: 4 | D242: 196 | E242: 90 | F242: 문장 | H242: 우리가 알고 있는 입력 장치에는 키보드, 마우스, 터치 스크린 등이 있다. | I242: 41 | J242: 79 | K242: 24 | L242: Ⅰ. 컴퓨팅 시스템 | M242: 22 | O242: 1 | P242: 사용
A243: ko-gold-5-01 | B243: 골드 | C243: 5 | D243: 210 | E243: 90 | F243: 문장 | H243: 핵심 요소를 추출하면 문제를 단순화하고 명확하게 표현할 수 있다. | I243: 36 | J243: 79 | K243: 23 | L243: Ⅲ. 알고리즘과 프로그래밍 | M243: 82 | O243: 1 | P243: 사용
A244: ko-gold-5-02 | B244: 골드 | C244: 5 | D244: 210 | E244: 90 | F244: 문장 | H244: 일상생활의 문제를 해결할 때도 알고리즘은 중요한 역할을 한다. | I244: 34 | J244: 79 | K244: 23 | L244: Ⅲ. 알고리즘과 프로그래밍 | M244: 86 | O244: 1 | P244: 사용
A245: ko-gold-5-03 | B245: 골드 | C245: 5 | D245: 210 | E245: 90 | F245: 문장 | H245: 완성된 인공지능 모델을 활용하여 응용 프로그램을 만들어 보자. | I245: 34 | J245: 79 | K245: 23 | L245: Ⅳ. 인공지능 | M245: 174 | O245: 1 | P245: 사용
A246: ko-gold-5-04 | B246: 골드 | C246: 5 | D246: 210 | E246: 90 | F246: 문장 | H246: 자원은 컴퓨팅 시스템이 작동하기 위한 하드웨어 또는 기능을 말한다. | I246: 37 | J246: 81 | K246: 23 | L246: Ⅰ. 컴퓨팅 시스템 | M246: 18 | N246: 용어 풀이를 문장으로 바꿈 | O246: 1 | P246: 사용
A247: ko-gold-5-05 | B247: 골드 | C247: 5 | D247: 210 | E247: 90 | F247: 문장 | H247: 웨어러블 컴퓨터는 몸에 부착하거나 착용하여 사용하는 컴퓨터를 말한다. | I247: 38 | J247: 82 | K247: 23 | L247: Ⅴ. 디지털 문화 | M247: 193 | N247: 용어 풀이를 문장으로 바꿈 | O247: 1 | P247: 사용
A248: ko-gold-5-06 | B248: 골드 | C248: 5 | D248: 210 | E248: 90 | F248: 문장 | H248: 빅데이터는 디지털 환경에서 생성되는 다양한 종류의 대규모 데이터이다. | I248: 38 | J248: 82 | K248: 23 | L248: Ⅳ. 인공지능 | M248: 156 | N248: 용어 풀이를 문장으로 바꿈 | O248: 1 | P248: 사용
A249: ko-gold-5-07 | B249: 골드 | C249: 5 | D249: 210 | E249: 90 | F249: 문장 | H249: 아날로그 데이터는 연속적인 값이고 디지털 데이터는 불연속적인 값이다. | I249: 38 | J249: 85 | K249: 24 | L249: Ⅱ. 데이터 | M249: 45 | O249: 1 | P249: 사용
A250: ko-gold-5-08 | B250: 골드 | C250: 5 | D250: 210 | E250: 90 | F250: 문장 | H250: 프로세스는 컴퓨팅 시스템에서 현재 실행 중인 프로그램이나 작업을 말한다. | I250: 40 | J250: 86 | K250: 25 | L250: Ⅰ. 컴퓨팅 시스템 | M250: 18 | O250: 1 | P250: 사용
A251: ko-gold-5-09 | B251: 골드 | C251: 5 | D251: 210 | E251: 90 | F251: 문장 | H251: 저작물이란 인간의 사상 또는 감정을 독창적으로 표현한 창작물을 말한다. | I251: 39 | J251: 91 | K251: 26 | L251: Ⅴ. 디지털 문화 | M251: 214 | O251: 1 | P251: 사용
A252: ko-gold-5-10 | B252: 골드 | C252: 5 | D252: 210 | E252: 90 | F252: 문장 | H252: 추상화는 복잡한 것을 간결하고 이해하기 쉽도록 단순화하는 과정을 말한다. | I252: 40 | J252: 93 | K252: 27 | L252: Ⅲ. 알고리즘과 프로그래밍 | M252: 82 | O252: 1 | P252: 사용
A253: ko-diamond-1-01 | B253: 다이아 | C253: 1 | D253: 225 | E253: 92 | F253: 긴 문장 | H253: 디지털 사회가 고도화됨에 따라 사람들 간의 정보 격차가 커지고 있다. | I253: 38 | J253: 78 | K253: 21 | L253: Ⅴ. 디지털 문화 | M253: 194 | O253: 1 | P253: 사용
A254: ko-diamond-1-02 | B254: 다이아 | C254: 1 | D254: 225 | E254: 92 | F254: 긴 문장 | H254: 디지털 사회에서 스마트폰과 인터넷은 없어서는 안 될 필수품이 되었다. | I254: 38 | J254: 84 | K254: 22 | L254: Ⅴ. 디지털 문화 | M254: 206 | O254: 1 | P254: 사용
A255: ko-diamond-1-03 | B255: 다이아 | C255: 1 | D255: 225 | E255: 92 | F255: 긴 문장 | H255: 파형은 물결처럼 위아래로 오르락내리락하는 음파나 전파 등의 모양을 말한다. | I255: 41 | J255: 90 | K255: 24 | L255: Ⅱ. 데이터 | M255: 48 | N255: 용어 풀이를 문장으로 바꿈 | O255: 1 | P255: 사용
A256: ko-diamond-1-04 | B256: 다이아 | C256: 1 | D256: 225 | E256: 92 | F256: 긴 문장 | H256: 쿠키는 특정 웹사이트에 접속해서 활동한 기록에 관한 정보 파일을 말한다. | I256: 40 | J256: 90 | K256: 24 | L256: Ⅴ. 디지털 문화 | M256: 210 | N256: 용어 풀이를 문장으로 바꿈 | O256: 1 | P256: 사용
A257: ko-diamond-1-05 | B257: 다이아 | C257: 1 | D257: 225 | E257: 92 | F257: 긴 문장 | H257: 드라이버는 컴퓨터에 연결되는 주변 기기들을 사용하기 위해 필요한 프로그램이다. | I257: 43 | J257: 91 | K257: 24 | L257: Ⅰ. 컴퓨팅 시스템 | M257: 19 | N257: 용어 풀이를 문장으로 바꿈 | O257: 1 | P257: 사용
A258: ko-diamond-1-06 | B258: 다이아 | C258: 1 | D258: 225 | E258: 92 | F258: 긴 문장 | H258: 초고속 통신망은 다양한 데이터를 빠른 속도로 전송할 수 있는 기술을 말한다. | I258: 42 | J258: 92 | K258: 25 | L258: Ⅴ. 디지털 문화 | M258: 192 | N258: 용어 풀이를 문장으로 바꿈 | O258: 1 | P258: 사용
A259: ko-diamond-1-07 | B259: 다이아 | C259: 1 | D259: 225 | E259: 92 | F259: 긴 문장 | H259: 디지털 사회로 빠르게 변화하면서 미래를 준비하는 청소년의 고민도 깊어지고 있다. | I259: 44 | J259: 92 | K259: 25 | L259: Ⅴ. 디지털 문화 | M259: 200 | O259: 1 | P259: 사용
A260: ko-diamond-1-08 | B260: 다이아 | C260: 1 | D260: 225 | E260: 92 | F260: 긴 문장 | H260: 클래스는 동일한 유형의 데이터 묶음으로 데이터를 구분하는 이름이라고 할 수 있다. | I260: 45 | J260: 94 | K260: 25 | L260: Ⅳ. 인공지능 | M260: 163 | N260: 용어 풀이를 문장으로 바꿈 | O260: 1 | P260: 사용
A261: ko-diamond-1-09 | B261: 다이아 | C261: 1 | D261: 225 | E261: 92 | F261: 긴 문장 | H261: 시스템은 필요한 기능을 실현하기 위하여 관련 요소들을 모아 놓은 것을 말한다. | I261: 43 | J261: 95 | K261: 25 | L261: Ⅰ. 컴퓨팅 시스템 | M261: 11 | N261: 용어 풀이를 문장으로 바꿈 | O261: 1 | P261: 사용
A262: ko-diamond-1-10 | B262: 다이아 | C262: 1 | D262: 225 | E262: 92 | F262: 긴 문장 | H262: 입력은 값을 받아들이는 것으로 프로그램 내에서 계산하거나 처리하기 위해 사용한다. | I262: 45 | J262: 95 | K262: 25 | L262: Ⅲ. 알고리즘과 프로그래밍 | M262: 101 | N262: 용어 풀이를 문장으로 바꿈 | O262: 1 | P262: 사용
A263: ko-diamond-2-01 | B263: 다이아 | C263: 2 | D263: 239 | E263: 92 | F263: 긴 문장 | H263: 트리는 계층형의 다른 말로 데이터가 나뭇가지처럼 연결되어 있어 트리 구조라고 부른다. | I263: 47 | J263: 96 | K263: 24 | L263: Ⅱ. 데이터 | M263: 61 | N263: 용어 풀이를 문장으로 바꿈 | O263: 1 | P263: 사용
A264: ko-diamond-2-02 | B264: 다이아 | C264: 2 | D264: 239 | E264: 92 | F264: 긴 문장 | H264: 분류는 지도학습의 한 가지 방법으로 데이터를 기준에 맞게 나누어 학습하는 방법이다. | I264: 46 | J264: 97 | K264: 24 | L264: Ⅳ. 인공지능 | M264: 163 | N264: 용어 풀이를 문장으로 바꿈 | O264: 1 | P264: 사용
A265: ko-diamond-2-03 | B265: 다이아 | C265: 2 | D265: 239 | E265: 92 | F265: 긴 문장 | H265: 로그는 컴퓨터의 처리 내용이나 이용 상황을 시간의 흐름에 따라 기록한 것을 말한다. | I265: 46 | J265: 98 | K265: 25 | L265: Ⅴ. 디지털 문화 | M265: 210 | N265: 용어 풀이를 문장으로 바꿈 | O265: 1 | P265: 사용
A266: ko-diamond-2-04 | B266: 다이아 | C266: 2 | D266: 239 | E266: 92 | F266: 긴 문장 | H266: 인공지능 모델은 인공지능 알고리즘을 이용하여 추출된 특정 패턴을 구성한 것이다. | I266: 44 | J266: 100 | K266: 25 | L266: Ⅳ. 인공지능 | M266: 152 | N266: 용어 풀이를 문장으로 바꿈 | O266: 1 | P266: 사용
A267: ko-diamond-2-05 | B267: 다이아 | C267: 2 | D267: 239 | E267: 92 | F267: 긴 문장 | H267: 피싱은 가짜 사이트에 사용자가 접속하도록 유도해 개인 정보를 탈취하는 범죄를 말한다. | I267: 47 | J267: 100 | K267: 25 | L267: Ⅴ. 디지털 문화 | M267: 205 | N267: 용어 풀이를 문장으로 바꿈 | O267: 1 | P267: 사용
A268: ko-diamond-2-06 | B268: 다이아 | C268: 2 | D268: 239 | E268: 92 | F268: 긴 문장 | H268: 잔상 효과는 이미지가 사라진 후에도 일정 시간 계속 남아 있는 듯이 보이는 착시 현상을 말한다. | I268: 53 | J268: 111 | K268: 28 | L268: Ⅱ. 데이터 | M268: 48 | N268: 용어 풀이를 문장으로 바꿈 | O268: 1 | P268: 사용
A269: ko-diamond-2-07 | B269: 다이아 | C269: 2 | D269: 239 | E269: 92 | F269: 긴 문장 | H269: 의사 결정은 개인이나 조직이 문제를 해결하기 위해서 여러 대안 중에서 하나를 선택하는 과정이다. | I269: 53 | J269: 111 | K269: 28 | L269: Ⅱ. 데이터 | M269: 64 | N269: 용어 풀이를 문장으로 바꿈 | O269: 1 | P269: 사용
A270: ko-diamond-2-08 | B270: 다이아 | C270: 2 | D270: 239 | E270: 92 | F270: 긴 문장 | H270: 컴퓨팅은 원하는 목적을 달성하기 위해 컴퓨터를 활용하거나 개발하는 모든 활동을 의미한다. | I270: 49 | J270: 113 | K270: 28 | L270: Ⅰ. 컴퓨팅 시스템 | M270: 11 | N270: 용어 풀이를 문장으로 바꿈 | O270: 1 | P270: 사용
A271: ko-diamond-2-09 | B271: 다이아 | C271: 2 | D271: 239 | E271: 92 | F271: 긴 문장 | H271: 가위, 바위, 보 세 가지 손 모양을 분류하여 인식하는 인공지능 모델을 만들고 결과를 확인해 보자. | I271: 55 | J271: 115 | K271: 29 | L271: Ⅳ. 인공지능 | M271: 166 | O271: 1 | P271: 사용
A272: ko-diamond-2-10 | B272: 다이아 | C272: 2 | D272: 239 | E272: 92 | F272: 긴 문장 | H272: 서보모터는 입력된 각도만큼 회전하는 정도를 조절할 수 있는 모터로 주차 차단기 등에 활용된다. | I272: 52 | J272: 115 | K272: 29 | L272: Ⅰ. 컴퓨팅 시스템 | M272: 26 | N272: 용어 풀이를 문장으로 바꿈 | O272: 1 | P272: 사용
A273: ko-diamond-3-01 | B273: 다이아 | C273: 3 | D273: 252 | E273: 92 | F273: 긴 문장 | H273: 사물 인터넷은 사물에 센서를 부착해 실시간 인터넷으로 데이터를 주고받는 기술이나 환경을 말한다. | I273: 53 | J273: 116 | K273: 28 | L273: Ⅰ. 컴퓨팅 시스템 | M273: 25 | N273: 용어 풀이를 문장으로 바꿈 | O273: 1 | P273: 사용
A274: ko-diamond-3-02 | B274: 다이아 | C274: 3 | D274: 252 | E274: 92 | F274: 긴 문장 | H274: 핀테크는 금융과 기술의 합성어로 모바일, 빅데이터 등의 정보 기술을 기반으로 한 금융 서비스를 말한다. | I274: 57 | J274: 122 | K274: 29 | L274: Ⅴ. 디지털 문화 | M274: 192 | N274: 용어 풀이를 문장으로 바꿈 | O274: 1 | P274: 사용
A275: ko-diamond-3-03 | B275: 다이아 | C275: 3 | D275: 252 | E275: 92 | F275: 긴 문장 | H275: 출력은 프로그램에서 처리한 결과를 외부로 전달하는 것으로 모니터에 표시하거나 스피커로 내보내는 것 등을 말한다. | I275: 62 | J275: 129 | K275: 31 | L275: Ⅲ. 알고리즘과 프로그래밍 | M275: 101 | N275: 용어 풀이를 문장으로 바꿈 | O275: 1 | P275: 사용
A276: ko-diamond-3-04 | B276: 다이아 | C276: 3 | D276: 252 | E276: 92 | F276: 긴 문장 | H276: 인간이 문제를 해결하는 방법과 유사하게 인공지능도 추론, 학습, 인식, 생성 등 지능적인 특성을 갖고 있다. | I276: 60 | J276: 130 | K276: 31 | L276: Ⅳ. 인공지능 | M276: 148 | O276: 1 | P276: 사용
A277: ko-diamond-3-05 | B277: 다이아 | C277: 3 | D277: 252 | E277: 92 | F277: 긴 문장 | H277: 지능은 인간의 지적 능력을 일컫는 것으로 특정 지식이나 기술을 획득하거나 적용할 수 있는 능력을 말한다. | I277: 58 | J277: 132 | K277: 31 | L277: Ⅳ. 인공지능 | M277: 147 | N277: 용어 풀이를 문장으로 바꿈 | O277: 1 | P277: 사용
...
